NOME,PARTIDO,CARGO,ESTADO,CRIME
Gladson Cameli,PP,Senador,AC,Inquérito nº 3989/2015 - STF
Gladson Cameli,PP,Senador,AC,Inquérito nº 3533/2012 - STF
Jorge Viana,PT,Senador,AC,Inquérito nº 4393/2017 - STJ
Sérgio Petecão,PSD,Senador,AC,Ação penal nº 880/2014 - STF
Sérgio Petecão,PSD,Senador,AC,Ação penal nº 542/2010 - STF
Sérgio Petecão,PSD,Senador,AC,nquérito nº 3851/2014 - STF
Sérgio Petecão,PSD,Senador,AC,Inquérito nº 3598/2013 - STF
Benedito de Lira,PP,Senador,AL,Inquérito nº 3989/2015 - STF
Benedito de Lira,PP,Senador,AL,Inquérito nº 3994/2015 - STF
Benedito de Lira,PP,Senador,AL,Inquérito nº 3996/2015 - STF
Fernando Collor,PTC,Senador,AL,Inquérito nº 3883/2014 - STF
Fernando Collor,PTC,Senador,AL,Inquérito nº 4427/2017 - STF
Fernando Collor,PTC,Senador,AL,Inquérito nº 4250/2016 - STF
Fernando Collor,PTC,Senador,AL,Medida cautelar nº 86520.2000.600.0000 - TSE
Renan Calheiros,PMDB,Senador,AL,Inquérito nº 4213/2016 - STF
Renan Calheiros,PMDB,Senador,AL,Inquérito nº 4216/2016 - STF
Renan Calheiros,PMDB,Senador,AL,Inquérito nº 4215/2016 - STF
Renan Calheiros,PMDB,Senador,AL,Inquérito nº 3989/2015 - STF
Renan Calheiros,PMDB,Senador,AL,Inquérito nº 3984/2015 - STF
Renan Calheiros,PMDB,Senador,AL,Inquérito nº 3993/2015 - STF
Renan Calheiros,PMDB,Senador,AL,Ação civil pública nº 0060664-26.2014.4.01.3400 - TRF
Renan Calheiros,PMDB,Senador,AL,Petição nº 5617/2015 - STF
Renan Calheiros,PMDB,Senador,AL,Apelação cível nº 0000163-34.2012.4.05.8002 - TRF5
Renan Calheiros,PMDB,Senador,AL,Inquérito nº 2593/2007 - STJ
Renan Calheiros,PMDB,Senador,AL,Inquérito nº 4389/2017 - STF
Renan Calheiros,PMDB,Senador,AL,Inquérito nº 4426/2017 - STJ
Renan Calheiros,PMDB,Senador,AL,Inquérito nº 4437/2017 - STF
Renan Calheiros,PMDB,Senador,AL,Inquérito nº 4464/2017 - STF
Eduardo Braga,PMDB,Senador,AM,Processos nº 0206572-51.2010.8.04.0001 - TJ
Eduardo Braga,PMDB,Senador,AM,Processos nº 0243185-07.2009.8.04.0001 - TJ
Eduardo Braga,PMDB,Senador,AM,Processos nº 0752476-08.2008.8.04.0001 - TJ
Eduardo Braga,PMDB,Senador,AM,Inquérito nº 4429/2017 - STF
Omar Aziz,PSD,Senador,AM,Inquérito nº 4264/2016 - STF
Omar Aziz,PSD,Senador,AM,Ação civil pública nº 0204823-67.2008.8.04.0001 - TJ
Omar Aziz,PSD,Senador,AM,Inquérito nº 4429/2017 - STF
Vanessa Grazziotin,PCdoB,Senador,AM,Inquérito nº 3368/2011 - STF
Vanessa Grazziotin,PCdoB,Senador,AM,Inquérito nº 4418/2017 - STF
João Capiberibe,PSB,Senador,AP,Recurso ordinário nº 21264/2003 - TSE
João Capiberibe,PSB,Senador,AP,Processos nº 0003365-75.1998.8.03.0001 - TJ
João Capiberibe,PSB,Senador,AP,Processos nº 0000576-35.2000.8.03.0001- - TJ
Lídice da Mata,PSB,Senador,BA,Inquérito nº 4396/2017 - STF
Otto Alencar,PSD,Senador,BA,Ação civil pública nº 0010939-63.2003.4.01.3300 - TRF
Eunício Oliveira,PMDB,Senador,CE,Inquérito nº 4437/2017 - STF
Lúcia Vânia,PSB,Senador,GO,Prestação de contas nº 21033/2002 - TSE
Lúcia Vânia,PSB,Senador,GO,Ação civil pública nº 183279-87.2012.8.09.0051 - TJ
Edison Lobão,PMDB,Senador,MA,Inquérito nº 3977/2015 - STF
Edison Lobão,PMDB,Senador,MA,Inquérito nº 3989/2015 - STF
Edison Lobão,PMDB,Senador,MA,Inquérito nº 4260/2016 - STF
Edison Lobão,PMDB,Senador,MA,Inquérito nº 4384/2017 - STF
Aécio Neves,PSDB,Senador,MG,Inquérito nº 4244/2016 - STF
Aécio Neves,PSDB,Senador,MG,Inquérito nº 4246/2016 - STF
Aécio Neves,PSDB,Senador,MG,Inquérito nº 4392/2016 - STF
Aécio Neves,PSDB,Senador,MG,Inquérito nº 4414/2017 - STF
Aécio Neves,PSDB,Senador,MG,Inquérito nº 4423/2017 - STF
Aécio Neves,PSDB,Senador,MG,Inquérito nº 4436/2017 - STF
Aécio Neves,PSDB,Senador,MG,Inquérito nº 4444/2017 - STJ
Aécio Neves,PSDB,Senador,MG,Inquérito nº 4506/2017 - STF
Aécio Neves,PSDB,Senador,MG,Inquérito nº 4519/2017 - STF
Zeze Perrella,PMDB,Senador,MG,Ação civil pública nº 2004.34.00.048370-0 - TRF
Zeze Perrella,PMDB,Senador,MG,Ação civil pública nº 0054594-64.2014.8.13.0024 - TJ
Simone Tebet,PMDB,Senador,MS,Ação civil pública nº 0003272-25.2014.4.03.6003 - TRF
Simone Tebet,PMDB,Senador,MS,Ação civil pública nº 0807922-90.2016.8.12.0001 - TJ
Cidinho Santos,PR,Senador,MT,Ação civil de improbidade administrativa nº 0028725-83.2009.4.01.3600 - TRF
Cidinho Santos,PR,Senador,MT,Ação civil de improbidade administrativa nº 0016495-67.2013.4.01.3600 - TRF
Cidinho Santos,PR,Senador,MT,Ação civil de improbidade administrativa nº 0016005-50.2010.4.01.3600- TRF
Cidinho Santos,PR,Senador,MT,Ação civil pública nº 1509-27.2008.811.0026 - TJ
Wellington Fagundes,PR,Senador,MT,Inquérito nº 2340/2006 - STF
Wellington Fagundes,PR,Senador,MT,Ação civil pública nº 0001591-02.2014.4.01.3602 - TRF
Jader Barbalho,PMDB,Senador,PA,Ação civil pública nº 0003001-82.2007.4.01.4300 - TRF
Jader Barbalho,PMDB,Senador,PA,Ação civil nº 0007518-62.2009.4.01.4300 - TRF
Jader Barbalho,PMDB,Senador,PA,Ação civil pública nº 0034738-94.2001.8.14.0301 - TJ
Jader Barbalho,PMDB,Senador,PA,Inquérito nº 2909/2010 - STF
Paulo Rocha,PT,Senador,PA,Ação civil nº 0029741-61.2007.4.01.3400 - TRF
Paulo Rocha,PT,Senador,PA,Inquérito nº 4449/2017 - STF
Cássio Cunha Lima,PSDB,Senador,PB,Inquérito nº 4.386/2017 - STF
José Maranhão,PMDB,Senador,PB,Ação civil pública nº 0020580-83.2014.815.2001 - TJ
Fernando Bezerra Coelho,PMDB,Senador,PE,Inquérito nº 4005/2015 - STF
Fernando Bezerra Coelho,PMDB,Senador,PE,Inquérito nº 3958/2015 - STF
Fernando Bezerra Coelho,PMDB,Senador,PE,Inquérito nº 4139/2015 - STF
Fernando Bezerra Coelho,PMDB,Senador,PE,Inquérito nº 3710/2013 - STF
Fernando Bezerra Coelho,PMDB,Senador,PE,Inquérito nº 3707/2013 - STF
Fernando Bezerra Coelho,PMDB,Senador,PE,Inquérito nº 3090/2011 - STF
Fernando Bezerra Coelho,PMDB,Senador,PE,Ação civil pública nº 0001250-14.2011.4.05.8308 - TRF
Fernando Bezerra Coelho,PMDB,Senador,PE,Ação civil pública nº 0000646-65.2003.8.17.1130 - TJ
Fernando Bezerra Coelho,PMDB,Senador,PE,Inquérito nº 4458/2017 - STF
Humberto Costa,PT,Senador,PE,Inquérito nº 3985/2015 - STF
Humberto Costa,PT,Senador,PE,Inquérito nº 4383/2017 - STF
Ciro Nogueira,PP,Senador,PI,Inquérito nº 3910/2014 - STF
Ciro Nogueira,PP,Senador,PI,Inquérito nº 3989/2015 - STF
Ciro Nogueira,PP,Senador,PI,Ação popular nº 0039272-79.2004.4.01.3400 - TRF
Ciro Nogueira,PP,Senador,PI,Ação civil nº 0005703-81.2014.4.01.4000 - TRF
Ciro Nogueira,PP,Senador,PI,Ação civil nº 0039259-80.2004.4.01.3400 - TRF
Ciro Nogueira,PP,Senador,PI,Inquérito nº 4407/2017 - STF
Elmano Férrer,PMDB,Senador,PI,Ação civil pública nº 0001666-75.2013.8.18.0140 - TJ
Gleisi Hoffmann,PT,Senador,PR,Inquérito nº 3979/2015 - STF
Gleisi Hoffmann,PT,Senador,PR,Inquérito nº nº 4.325/2017 - STF
Roberto Requião,PMDB,Senador,PR,Ação civil pública nº 2007.70.00.031462 - TRF
Roberto Requião,PMDB,Senador,PR,Ação civil pública nº 0002680-03.2015.8.16.0004 - TJ
Lindbergh Farias,PT,Senador,RJ,Inquérito nº 3988/2015 - STF
Lindbergh Farias,PT,Senador,RJ,Inquérito nº 3616/2013 - STF
Lindbergh Farias,PT,Senador,RJ,Inquérito nº 3595/2013 - STF
Lindbergh Farias,PT,Senador,RJ,Inquérito nº 3390/2011 - STF
Lindbergh Farias,PT,Senador,RJ,Inquérito nº 3334/2011 - STF
Lindbergh Farias,PT,Senador,RJ,Inquérito nº 3124/2011 - STF
Lindbergh Farias,PT,Senador,RJ,Ação civil de improbidade administrativa nº 0022162-35.2015.4.02.5120 - TRF
Lindbergh Farias,PT,Senador,RJ,Ação civil pública nº 0016132-91.2015.8.19.0038 - TJ
Lindbergh Farias,PT,Senador,RJ,Ação civil pública nº 0011915-05.2015.8.19.0038 - TJ
Lindbergh Farias,PT,Senador,RJ,Ação civil pública nº 0013922-67.2015.8.19.0038 - TJ
Lindbergh Farias,PT,Senador,RJ,Ação civil de improbidade administrativa nº 0044377-54.2011.8.19.0038 - TJ
Lindbergh Farias,PT,Senador,RJ,Ação civil de improbidade administrativa nº 0004561-02.2010.8.19.0038 - TJ
Lindbergh Farias,PT,Senador,RJ,Ação civil de improbidade administrativa nº 0016201-02.2010.8.19.0038 - TJ
Lindbergh Farias,PT,Senador,RJ,Ação civil de improbidade administrativa nº 0055893-08.2010.8.19.0038 - TJ
Lindbergh Farias,PT,Senador,RJ,Ação civil pública nº 0020064-63.2010.8.19.0038 - TJ
Lindbergh Farias,PT,Senador,RJ,Ação civil de improbidade administrativa nº 0056748-21.2009.8.19.0038- - TJ
Lindbergh Farias,PT,Senador,RJ,Ação civil pública nº 0044322-79.2006.8.19.0038 - TJ
Lindbergh Farias,PT,Senador,RJ,Inquérito nº 4415/2017 - STF
José Agripino,DEM,Senador,RN,Inquérito nº 4141/2015 - STF
José Agripino,DEM,Senador,RN,Inquérito nº 4184/2015 - STF
Ivo Cassol,PP,Senador,RO,Ação penal nº 565/2011 - STF
Ivo Cassol,PP,Senador,RO,Ação penal nº 562/2011 - STF
Ivo Cassol,PP,Senador,RO,Inquérito nº 2828/2009 - STF
Ivo Cassol,PP,Senador,RO,Inquérito nº 3614/2013 - STF
Ivo Cassol,PP,Senador,RO,Inquérito nº 3742/2013 - STF
Ivo Cassol,PP,Senador,RO,Inquérito nº 3820/2014 - STF
Ivo Cassol,PP,Senador,RO,Ação civil pública nº 0002458-29.2009.4.01.4100 - TRF
Ivo Cassol,PP,Senador,RO,Ação civil pública nº 000261011.2008.4.01.4101. - TRF
Ivo Cassol,PP,Senador,RO,Ação civil pública nº 0003538-93.2007.4.01.4101 - TRF
Ivo Cassol,PP,Senador,RO,Ação civil pública nº 0001956-58.2007.4.01.4101 - TRF
Ivo Cassol,PP,Senador,RO,Inquérito nº 4411/2017 - STF
Valdir Raupp,PMDB,Senador,RO,Ação civil pública nº 0116671-57.1999.8.22.0001 - TJ
Valdir Raupp,PMDB,Senador,RO,Ação penal nº 577/2011 - STF
Valdir Raupp,PMDB,Senador,RO,Inquérito nº 4433/2017 - STF
Romero Jucá,PMDB,Senador,RR,Inquérito nº 3989/2015 - STF
Romero Jucá,PMDB,Senador,RR,Inquérito nº 2116/2004 - STF
Romero Jucá,PMDB,Senador,RR,Inquérito nº 2963/2010 - STF
Romero Jucá,PMDB,Senador,RR,Inquérito nº 3297/2011 - STF
Romero Jucá,PMDB,Senador,RR,Apelação nº 0020239-50.1997.4.01.3400 - TRF
Romero Jucá,PMDB,Senador,RR,Inquérito nº 4382/2017 - STF
Romero Jucá,PMDB,Senador,RR,Inquérito nº 4413/2017 - STJ
Romero Jucá,PMDB,Senador,RR,Inquérito nº 4426/2017 - STJ
Romero Jucá,PMDB,Senador,RR,Inquérito nº 4437/2017 - STJ
Romero Jucá,PMDB,Senador,RR,Inquérito nº 4460/2017 - STJ
Telmário Mota,PTB,Senador,RR,Inquérito nº 4296/2016 - STF
Dalirio Beber,PSDB,Senador,SC,Inquérito nº 4408/2017 - STF
Dário Berger,PMDB,Senador,SC,Ação penal nº 938/2015 - STF
Dário Berger,PMDB,Senador,SC,Inquérito nº 2853/2009 - STF
Dário Berger,PMDB,Senador,SC,Inquérito nº 3927/2014 - STF
Dário Berger,PMDB,Senador,SC,Ação civil pública nº 5006967-09.2010.404.7200 - TRF
Dário Berger,PMDB,Senador,SC,Ação civil pública nº 0033588-03.2011.8.24.0023 - TJ
Dário Berger,PMDB,Senador,SC,Ação penal nº 0900140-09.2014.8.24.0023 - TJ
Dário Berger,PMDB,Senador,SC,Ação civil pública nº 0047334-35.2011.8.24.0023 - TJ
Dário Berger,PMDB,Senador,SC,Ação civil pública nº 0016664-14.2011.8.24.0023 - TJ
Dário Berger,PMDB,Senador,SC,Ação civil pública nº 0001594-88.2010.8.24.0023 - TJ
Dário Berger,PMDB,Senador,SC,Ação civil pública nº 0018242-46.2010.8.24.0023 - TJ
Dário Berger,PMDB,Senador,SC,Ação civil pública nº 0900134-02.2014.8.24.0023 - TJ
Dário Berger,PMDB,Senador,SC,Ação civil pública nº 0910260-48.2013.8.24.0023 - TJ
Dário Berger,PMDB,Senador,SC,Ação civil pública nº 0031429-87.2011.8.24.0023 - TJ
Dário Berger,PMDB,Senador,SC,Ação civil pública nº 0910044-87.2013.8.24.0023 - TJ
Dário Berger,PMDB,Senador,SC,Ação civil pública nº 0007597-54.2013.8.24.0023 - TJ
Dário Berger,PMDB,Senador,SC,Ação civil pública nº 0059564-46.2010.8.24.0023 - TJ
Dário Berger,PMDB,Senador,SC,Ação civil pública nº 0035922-44.2010.8.24.0023 - TJ
Paulo Bauer,PSDB,Senador,SC,Apelação cível nº 0026503-25.1995.8.24.0023 - TJ
Paulo Bauer,PSDB,Senador,SC,Ação civil pública nº 0004189-11.2010.8.24.0007 - TJ
Eduardo Amorim,PSDB,Senador,SE,Ação civil pública nº 200711800050 - TJ
Eduardo Amorim,PSDB,Senador,SE,Inquérito nº 4438/2017 - STF
Maria do Carmo Alves,DEM,Senador,SE,Inquérito nº 4438/2017 - STJ
José Serra,PSDB,Senador,SP,Inquérito nº 4.428/2017 - STF
Marta Suplicy,PMDB,Senador,SP,Ação civil pública nº 0024208-50.2004.8.26.0053 - TJ
Marta Suplicy,PMDB,Senador,SP,Ação civil pública nº 0045264-66.2009.8.26.0053 - TJ
Marta Suplicy,PMDB,Senador,SP,Ação civil pública nº 0044385-59.2009.8.26.0053 - TJ
Marta Suplicy,PMDB,Senador,SP,Ação civil pública nº 0044311-05.2009.8.26.0053 - TJ
Marta Suplicy,PMDB,Senador,SP,Ação civil pública nº 0125765-75.2007.8.26.0053 - TJ
Kátia Abreu,PMDB,Senador,TO,Ação ordinária nº 0016414-94.2009.4.01.4300 - TRF
Kátia Abreu,PMDB,Senador,TO,Inquérito nº 4419/2017 - STF
Vicentinho Alves,PR,Senador,TO,Inquérito nº 3807/2013 - STF
Vicentinho Alves,PR,Senador,TO,Ação civil pública nº 5000567-70.2006.827.2729 - TJ
CÉSAR MESSIAS,PSB,Deputado,AC,Processos nº 0011888-36.2011.4.01.3000 - TRF
CÉSAR MESSIAS,PSB,Deputado,AC,Ação civil de improbidade administrativa nº 0005420-27.2009.4.01.3000 - TRF1
CÉSAR MESSIAS,PSB,Deputado,AC,Ação civil de improbidade administrativa nº 0001372-25.2009.4.01.3000 - TRF1
FLAVIANO MELO,PMDB,Deputado,AC,Ação penal nº 435/2007 - STF
FLAVIANO MELO,PMDB,Deputado,AC,Ação civil pública nº 0006554-71.2005.8.01.0001 - TJ
MAJOR ROCHA,PSDB,Deputado,AC,Ação penal nº 954/2015 - STF
MAJOR ROCHA,PSDB,Deputado,AC,Processos nº 0000722-81.2010.8.01.0001 - TJ
ARTHUR LIRA,PP,Deputado,AL,Inquérito nº 3515/2012 - STF
ARTHUR LIRA,PP,Deputado,AL,Inquérito nº 3989/2015 - STF
ARTHUR LIRA,PP,Deputado,AL,Inquérito nº 3994/2015 - STF
ARTHUR LIRA,PP,Deputado,AL,Inquérito nº 3980/2015 - STF
ARTHUR LIRA,PP,Deputado,AL,Inquérito nº 3996/2015 -STF
ARTHUR LIRA,PP,Deputado,AL,Ação civil pública nº 0042688-60.2011.8.02.0001 - TJ
CICERO ALMEIDA,PRTB,Deputado,AL,Ação civil pública nº 0094747-30.2008.8.02.0001 - TJ
CICERO ALMEIDA,PRTB,Deputado,AL,Ação penal nº 956/2015 - STF
CICERO ALMEIDA,PRTB,Deputado,AL,Inquérito nº 3959/2015 - STF
CICERO ALMEIDA,PRTB,Deputado,AL,Ação civil pública nº 0719368-66.2013.8.02.0001 - TJ
CICERO ALMEIDA,PRTB,Deputado,AL,Agravo de instrumento nº 0005051-44.2012.8.02.0000 - TJ
RONALDO LESSA,PDT,Deputado,AL,Processos nº 0006151-47.2009.4.05.8000 - TRF
RONALDO LESSA,PDT,Deputado,AL,Ação penal nº 975/2016.Ação civil pública nº 0007045-12.2009.8.02.0001 - TJ
RONALDO LESSA,PDT,Deputado,AL,Inquérito nº 3987/2015 - STF
RONALDO LESSA,PDT,Deputado,AL,Ação civil pública nº 0002827-44.2012.4.05.8000 - TRF
RONALDO LESSA,PDT,Deputado,AL,Ação civil de improbidade administrativa nº 0092269-49.2008.8.02.0001 - TJ
RONALDO LESSA,PDT,Deputado,AL,Ação civil de improbidade administrativa nº 0017793-35.2011.8.02.0001 - TJ
RONALDO LESSA,PDT,Deputado,AL,Ação civil de improbidade administrativa nº 0001584-83.2012.8.02.0056 - TJ
MARCOS REATEGUI,PSC,Deputado,AP,Processos nº 0001445-12.2014.4.01 - STF
MARCOS REATEGUI,PSC,Deputado,AP,Ação penal nº 914/2015 - STF
MARCOS REATEGUI,PSC,Deputado,AP,Ação penal nº 945/2015 - STF
MARCOS REATEGUI,PSC,Deputado,AP,Inquérito nº 4237/2016 - STF
MARCOS REATEGUI,PSC,Deputado,AP,Ação civil pública nº 0038727-79.2014.8.03.0001 - TJ
ROBERTO GÓES,PDT,Deputado,AP,Ação penal nº 970/2015 - STF
ROBERTO GÓES,PDT,Deputado,AP,Ação penal nº 936/2015 - STF
ROBERTO GÓES,PDT,Deputado,AP,Ação penal nº 928/2015 - STF
ROBERTO GÓES,PDT,Deputado,AP,Ação penal nº 916/2015 - STF
ROBERTO GÓES,PDT,Deputado,AP,Ação penal nº 924/2015 - STF
ROBERTO GÓES,PDT,Deputado,AP,Ação penal nº 986/2016 - STF
ROBERTO GÓES,PDT,Deputado,AP,Ação penal nº 992/2016 - STF
ROBERTO GÓES,PDT,Deputado,AP,Inquérito nº 3950/2015 - STF
ROBERTO GÓES,PDT,Deputado,AP,Inquérito nº 4013/2015 - STF
ROBERTO GÓES,PDT,Deputado,AP,Inquérito nº 4067/2015 - STF
ROBERTO GÓES,PDT,Deputado,AP,Inquérito nº 4255/2016 - STF
ROBERTO GÓES,PDT,Deputado,AP,Ação civil pública nº 0002148-74.2013.4.01.3100 - TRF
ROBERTO GÓES,PDT,Deputado,AP,Ação civil pública nº 0001734-76.2013.4.01.3100 - TRF
ROBERTO GÓES,PDT,Deputado,AP,Ação civil pública nº 0029426-16.2011.8.03.0001 - TJ
VINÍCIUS GURGEL,PR,Deputado,AP,Inquérito nº 3529/2012 - STF
VINÍCIUS GURGEL,PR,Deputado,AP,Inquérito nº 3697/2013 - STF
VINÍCIUS GURGEL,PR,Deputado,AP,Inquérito nº 3944/2015 - STF
VINÍCIUS GURGEL,PR,Deputado,AP,Inquérito nº 3940/2015 - STF
ALFREDO NASCIMENTO,PR,Deputado,AM,Ação penal nº 960/2015 - STF
ALFREDO NASCIMENTO,PR,Deputado,AM,Inquérito nº 3694/2015 - STF
ALFREDO NASCIMENTO,PR,Deputado,AM,Inquérito nº 3700/2013 - STF
ALFREDO NASCIMENTO,PR,Deputado,AM,Ação civil pública nº 0208665-55.2008.8.04.0001 - TJ
ALFREDO NASCIMENTO,PR,Deputado,AM,Ação civil pública nº 0369355-92.2007.8.04.0001 - TJ
ALFREDO NASCIMENTO,PR,Deputado,AM,Ação popular nº 5540/2001 - TJ
ALFREDO NASCIMENTO,PR,Deputado,AM,Ação popular nº 0045967-98.2010.8.04.0012 - TJ
ALFREDO NASCIMENTO,PR,Deputado,AM,Inquérito nº 4443/2017 - STF
ATILA LINS,PSD,Deputado,AM,Ação civil pública nº 0012114-89.1996.8.04.0012 - TJ
CONCEIÇÃO SAMPAIO,PP,Deputado,AM,Ação civil de improbidade administrativa nº 0636323-76.2014.8.04.0001 - TJ
HISSA ABRAHÃO,PPS,Deputado,AM,Ação civil pública nº 0222154-91.2010.8.04.0001 - TJ
MARCOS ROTTA,PMDB,Deputado,AM,Ação civil pública nº 0636323-76.2014.8.04.0001 - TJ
SILAS CAMARA,PSD,Deputado,AM,Ação penal nº 579/2011 - STF
SILAS CAMARA,PSD,Deputado,AM,Ação civil de improbidade administrativa nº 0002397-34.2013.4.01.3000 - TRF
ANTONIO BRITO,PTB,Deputado,BA,Inquérito nº 4.455/2017 - STF
CACÁ LEÃO,PP,Deputado,BA,Inquérito nº 4421/2017 - STF
DANIEL ALMEIDA,PC do B,Deputado,BA,Inquérito nº 4390/2017 - STF
DANIEL ALMEIDA,PC do B,Deputado,BA,Inquérito nº 4390/2017 - STF
JOAO CARLOS BACELAR,PTN,Deputado,BA,Inquérito nº 3934/2014 - STF
JORGE SOLLA,PT,Deputado,BA,Ação civil pública nº 0523804-63.2016.8.05.0001 - TJ
MOEMA GRAMACHO,PT,Deputado,BA,Inquérito nº 4176/2015 - STF
MOEMA GRAMACHO,PT,Deputado,BA,Inquérito nº 4252/2016 - STF
MOEMA GRAMACHO,PT,Deputado,BA,Ação civil pública nº 0032431-91.2015.4.01.3300 - TRF
PAULO MAGALHÃES,PSD,Deputado,BA,Ação penal nº 896/2014 - STF
PAULO MAGALHÃES,PSD,Deputado,BA,Ação civil pública nº 0010939-63.2003.4.01.3300 - TRF
ROBERTO BRITTO,PP,Deputado,BA,Inquérito nº 3989/2015 - STF
ROBERTO BRITTO,PP,Deputado,BA,Inquérito nº 3980/2015 - STF
ROBERTO BRITTO,PP,Deputado,BA,Processos nº 0001103-66.2008.4.01.3308 - TRF
RONALDO CARLETTO,PP,Deputado,BA,Inquérito nº 3934/2014 - STF
RONALDO CARLETTO,PP,Deputado,BA,Inquérito nº 4063/2015 - STF
TIA ERON,PRB,Deputado,BA,Ação civil pública nº 0300100-44.2012.8.05.0001 - TJ
VALMIR ASSUNÇÃO,PT,Deputado,BA,Inquérito nº 3945/2015 - STF
DANILO FORTE,PMDB,Deputado,CE,Inquérito nº 3317/2011 - STF
DANILO FORTE,PMDB,Deputado,CE,Ação civil pública nº 0017345-18.2008.4.01.3400 - TRF
DANILO FORTE,PMDB,Deputado,CE,Ação civil pública nº 0029596-97.2010.4.01.3400 - TRF
DANILO FORTE,PMDB,Deputado,CE,Ação civil pública nº 0014606-67.2011.4.01.3400- - TRF
GENECIAS NORONHA,SD,Deputado,CE,Apelação cível nº 0000115-97.2007.8.06.0142 - TJ
GORETE PEREIRA,PR,Deputado,CE,Inquérito nº 3387/2011 - STF
GORETE PEREIRA,PR,Deputado,CE,Ação civil pública nº 0010348-02.2010.4.05.8100 - TRF
LUIZIANNE LINS,PT,Deputado,CE,Inquérito nº 4311/2016 - STF
LUIZIANNE LINS,PT,Deputado,CE,Ação civil pública nº 0037573-13.2012.8.06.0001. - TJ
AUGUSTO CARVALHO,SD,Deputado,DF,Ação civil de improbidade administrativa nº 0007806-46.2012.8.07.0018 - TJ
AUGUSTO CARVALHO,SD,Deputado,DF,Processos nº 0002988-51.2012.8.07.0018 - TJ
AUGUSTO CARVALHO,SD,Deputado,DF,Ação civil pública nº 0005382-31.2012.8.07.0018 - TJ
AUGUSTO CARVALHO,SD,Deputado,DF,Ação civil pública nº 0004858-63.2014.8.07.0018 - TJ
AUGUSTO CARVALHO,SD,Deputado,DF,Ação civil de improbidade administrativa nº 0007099-78.2012.8.07.0018 - TJ
AUGUSTO CARVALHO,SD,Deputado,DF,Ação civil de improbidade administrativa nº 0048188-13.2014.8.07.0018 - TJ
LAERTE BESSA,PR,Deputado,DF,Ação civil pública nº 0015956-14.2005.8.07.0001 - TJ
ROGÉRIO ROSSO,PSD,Deputado,DF,Ação popular nº 0001705-56.2013.8.07.0018 - TJ
ROGÉRIO ROSSO,PSD,Deputado,DF,Inquérito nº 4277/2016 - STF
RÔNEY NEMER,PMDB,Deputado,DF,Ação penal nº 923/2015 - STF
RÔNEY NEMER,PMDB,Deputado,DF,Inquérito nº 3962/2015 - STF
RÔNEY NEMER,PMDB,Deputado,DF,Inquérito nº 4051/2015 - STF
RÔNEY NEMER,PMDB,Deputado,DF,Inquérito nº 4080/2015 - STF
RÔNEY NEMER,PMDB,Deputado,DF,Ação civil de improbidade administrativa nº 0001764-44.2013.8.07.0018 - TJ
RÔNEY NEMER,PMDB,Deputado,DF,Ação civil de improbidade administrativa nº 0011854-14.2013.8.07.0018 - TJ
HELDER SALOMAO,PT,Deputado,ES,Ação civil pública nº 0702727-73.2007.8.08.0024 - TJ
LELO COIMBRA,PMDB,Deputado,ES,Inquérito nº 3071/2011 - STF
SERGIO VIDIGAL,PDT,Deputado,ES,Ação civil pública nº 0050088-20.2013.8.08.0024 - TJ
ALEXANDRE BALDY,PSDB,Deputado,GO,Ação civil pública nº 0194023.39.2015.8.09.0051 - TJ
CÉLIO SILVEIRA,PSDB,Deputado,GO,Inquérito nº 4256/2016 - STF
CÉLIO SILVEIRA,PSDB,Deputado,GO,Inquérito nº 4291/2016 - STF
CÉLIO SILVEIRA,PSDB,Deputado,GO,Ação civil pública nº 81479-11.2015.8.09.0051 - TJ
CÉLIO SILVEIRA,PSDB,Deputado,GO,Ação civil pública nº 71831-59.2012.8.09.0100 - TJ
DANIEL VILELA,PMDB,Deputado,GO,Inquérito nº 4.441/2017 - STF
JOVAIR ARANTES,PTB,Deputado,GO,Ação civil pública nº 0017516-58.2011.4.01.3500 - TRF
JOVAIR ARANTES,PTB,Deputado,GO,Ação civil pública nº 0389820.84.2014.8.09.0051 - TJ
JOVAIR ARANTES,PTB,Deputado,GO,Ação rescisória nº 66471.2013.600.0000 - TSE
MAGDA MOFATTO,PR,Deputado,GO,Processos nº 3533329.2008.600.0000 - TSE
MAGDA MOFATTO,PR,Deputado,GO,Processos nº 201002174001 - TJ
MAGDA MOFATTO,PR,Deputado,GO,Processos nº 002173546.2013.4.01.3500 - TRF
MARCOS ABRÃO,PPS,Deputado,GO,Ação civil pública nº 106104-84.2014.8.09.0006 - TJ
ROBERTO BALESTRA,PP,Deputado,GO,Inquérito nº 3989/2015 - STF
ROBERTO BALESTRA,PP,Deputado,GO,Inquérito nº 3821/2014 - STF
RUBENS OTONI,PT,Deputado,GO,Inquérito nº 3726/2013 - STF
ALUISIO MENDES,PSDC,Deputado,MA,Ação civil pública nº 60531-11.2014.8.10.0001 - TJ
HILDO ROCHA,PMDB,Deputado,MA,Ação civil pública nº 870-29.2012.8.10.0080 - TJ
JOÃO CASTELO,PSDB,Deputado,MA,Ação penal nº 939/2015 - STF
JOÃO CASTELO,PSDB,Deputado,MA,Ação civil pública nº 0022662-96.2010.4.01.3700 - TRF
JOÃO CASTELO,PSDB,Deputado,MA,Apelação nº 0022662-96.2010.4.01.3700
JOÃO CASTELO,PSDB,Deputado,MA,Ação civil pública nº 1599143.2012.8.10.0001 - TJ
JUNIOR MARRECA,PEN,Deputado,MA,Ação civil pública nº 1712-71.2013.8.10.0048 - TJ
JUNIOR MARRECA,PEN,Deputado,MA,Ação civil pública nº 003609735.2013.4.01.3700 - TRF
JUNIOR MARRECA,PEN,Deputado,MA,Ação civil pública nº 006164006.2014.4.01.3700 - TRF
JUNIOR MARRECA,PEN,Deputado,MA,Ação civil pública nº 0106847-91.2015.4.01.3700 - TRF
JUNIOR MARRECA,PEN,Deputado,MA,Ação civil pública nº 011022385.2015.4.01.3700 - TRF
JUNIOR MARRECA,PEN,Deputado,MA,Ação civil pública nº 009955385.2015.4.01.3700 - TRF
JUNIOR MARRECA,PEN,Deputado,MA,Ação civil pública nº 009955470.2015.4.01.3700 - TRF
JUNIOR MARRECA,PEN,Deputado,MA,Ação civil pública nº 010684609.2015.4.01.3700 - TRF
JUNIOR MARRECA,PEN,Deputado,MA,Ação civil pública nº 010684876.2015.4.01.3700 - TRF
JUNIOR MARRECA,PEN,Deputado,MA,Ação civil pública nº 010684961.2015.4.01.3700 - TRF
JUNIOR MARRECA,PEN,Deputado,MA,Ação civil pública nº 000589910.2016.4.01.3700 - TRF
JUNIOR MARRECA,PEN,Deputado,MA,Ação civil pública nº 002545243.2016.4.01.3700 - TRF
PEDRO FERNANDES,PTB,Deputado,MA,Inquérito nº 3728/2013 - STF
WALDIR MARANHÃO,PP,Deputado,MA,Inquérito nº 3989/2015 - STF
WALDIR MARANHÃO,PP,Deputado,MA,Ação civil pública nº 5992-61.2015.8.10.0001 - TJ
WEVERTON ROCHA,PDT,Deputado,MA,Inquérito nº 3621/2013 - STF
WEVERTON ROCHA,PDT,Deputado,MA,Inquérito nº 3394/2012 - STF
WEVERTON ROCHA,PDT,Deputado,MA,Ação civil pública nº 0027594-86.2012.4.01.3400 - TRF
WEVERTON ROCHA,PDT,Deputado,MA,Ação civil pública nº 37418-04.2009.8.10.0001 - TJ
ADILTON SACHETTI,PSB,Deputado,MT,Ação penal nº 947/2015 - STF
ADILTON SACHETTI,PSB,Deputado,MT,Inquérito nº 4165/2015 - STF
ADILTON SACHETTI,PSB,Deputado,MT,Ação penal nº 4929-47.2013.811.0064 - TJ
CARLOS BEZERRA,PMDB,Deputado,MT,Ação penal nº 520/2009 - STF
CARLOS BEZERRA,PMDB,Deputado,MT,Ação civil pública nº 0010644-46.2005.4.01.3400 - TRF
CARLOS BEZERRA,PMDB,Deputado,MT,Ação civil pública nº 0037288-60.2004.4.01.3400 - TRF
CARLOS BEZERRA,PMDB,Deputado,MT,Ação civil pública nº 0013577-03.2007.4.01.3600 - TRF
CARLOS BEZERRA,PMDB,Deputado,MT,Ação civil pública nº 60-09.2010.811.0044 - TJ
CARLOS BEZERRA,PMDB,Deputado,MT,Agravo nº - TSE
EZEQUIEL FONSECA,PP,Deputado,MT,Ação penal nº 941/2015 - STF
EZEQUIEL FONSECA,PP,Deputado,MT,Inquérito nº 4297/2016 - STF
EZEQUIEL FONSECA,PP,Deputado,MT,Ação civil pública nº 2008-04.2010.811.0038- - TJ
NILSON LEITÃO,PSDB,Deputado,MT,Ação penal nº 985/2016 - STF
NILSON LEITÃO,PSDB,Deputado,MT,Inquérito nº 3711/2013 - STF
NILSON LEITÃO,PSDB,Deputado,MT,Inquérito nº 3936/2014 - STF
NILSON LEITÃO,PSDB,Deputado,MT,Inquérito nº 3629/2013 - STF
NILSON LEITÃO,PSDB,Deputado,MT,Inquérito nº 3630/2013 - STF
NILSON LEITÃO,PSDB,Deputado,MT,Inquérito nº 3631/2013 - STF
NILSON LEITÃO,PSDB,Deputado,MT,Inquérito nº 3632/2013 - STF
NILSON LEITÃO,PSDB,Deputado,MT,Ação civil pública nº 0008989-70.2009.4.01.3603 - TRF
NILSON LEITÃO,PSDB,Deputado,MT,Processos nº 5474-51.2005.811.0015 - TJ
DAGOBERTO NOGUEIRA,PDT,Deputado,MS,Ação penal nº 0013615-89.2014.4.03.6000 - TRF
DAGOBERTO NOGUEIRA,PDT,Deputado,MS,Ação civil pública nº 0012917-34.2006.8.12.0001 - TJ
GERALDO RESENDE,PMDB,Deputado,MS,Inquérito nº 3352/2011 - STF
VANDER LOUBET,PT,Deputado,MS,Inquérito nº 3990/2015 - STF
VANDER LOUBET,PT,Deputado,MS,Inquérito nº 2861/2009 - STF
VANDER LOUBET,PT,Deputado,MS,Ação popular nº 0008338-14.2004.8.12.0001 - TJ
VANDER LOUBET,PT,Deputado,MS,Ação civil pública nº 0005477-87.2012.8.12.0029 - TJ
VANDER LOUBET,PT,Deputado,MS,Inquérito nº 4417/2017 - STF
ZECA DO PT,PT,Deputado,MS,Inquérito nº 4182/2015 - STF
ZECA DO PT,PT,Deputado,MS,Ação civil pública nº 0351590-52.2008.8.12.0001 - TJ
ZECA DO PT,PT,Deputado,MS,Ação civil pública nº 0036164-73.2008.8.12.0001 - TJ
ZECA DO PT,PT,Deputado,MS,Ação civil pública nº 0036526-75.2008.8.12.0001 - TJ
ZECA DO PT,PT,Deputado,MS,Ação civil pública nº 0062827-93.2007.8.12.0001 - TJ
ZECA DO PT,PT,Deputado,MS,Ação civil pública nº 0074835-05.2007.8.12.0001 - TJ
ZECA DO PT,PT,Deputado,MS,Ação civil pública nº 0065938-46.2011.8.12.0001
ZECA DO PT,PT,Deputado,MS,Inquérito nº 4.447/2017 - STF
AELTON FREITAS,PR,Deputado,MG,Ação civil pública nº 0006889-51.2012.8.13.0344 - TJ
AELTON FREITAS,PR,Deputado,MG,Ação civil pública nº 0053840-06.2012.8.13.0344 - TJ
AELTON FREITAS,PR,Deputado,MG,Ação civil pública nº 0053873-93.2012.8.13.0344 - TJ
AELTON FREITAS,PR,Deputado,MG,Ação civil de improbidade administrativa nº 0041055-38.2014.8.13.0151 - TJ
AELTON FREITAS,PR,Deputado,MG,Ação civil pública nº 0050689-32.2012.8.13.0344 - TJ
AELTON FREITAS,PR,Deputado,MG,Ação civil pública nº 0050697-09.2012.8.13.0344 - TJ
AELTON FREITAS,PR,Deputado,MG,Ação civil pública nº 0071560-83.2012.8.13.0344 - TJ
AELTON FREITAS,PR,Deputado,MG,Ação civil pública nº 0071685-51.2012.8.13.0344 - TJ
AELTON FREITAS,PR,Deputado,MG,Ação civil pública nº 0071693-28.2012.8.13.0344 - TJ
AELTON FREITAS,PR,Deputado,MG,Ação civil pública nº 0071719-26.2012.8.13.0344 - TJ
AELTON FREITAS,PR,Deputado,MG,Ação civil pública nº 0071727-03.2012.8.13.0344 - TJ
AELTON FREITAS,PR,Deputado,MG,Ação civil pública nº 0002217-63.2013.8.13.0344 - TJ
AELTON FREITAS,PR,Deputado,MG,Ação civil pública nº 0002225-40.2013.8.13.0344 - TJ
AELTON FREITAS,PR,Deputado,MG,Ação civil pública nº 0002308-56.2013.8.13.0344 - TJ
AELTON FREITAS,PR,Deputado,MG,Ação civil pública nº 0002597-86.2013.8.13.0344 - TJ
AELTON FREITAS,PR,Deputado,MG,Ação civil pública nº 0002605-63.2013.8.13.0344 - TJ
AELTON FREITAS,PR,Deputado,MG,Ação civil pública nº 0002639-38.2013.8.13.0344 - TJ
AELTON FREITAS,PR,Deputado,MG,Ação civil de improbidade administrativa nº 0002290-35.2013.8.13.0344 - TJ
BILAC PINTO,PR,Deputado,MG,Inquérito nº 3792/2013 - STF
CARLOS MELLES,DEM,Deputado,MG,Ação civil pública nº 1045136-53.2009.8.13.0647 - TJ
DELEGADO EDSON MOREIRA,PTN,Deputado,MG,Inquérito nº 4087/2015 - STF
DELEGADO EDSON MOREIRA,PTN,Deputado,MG,Inquérito nº 4016/2015 - STF
DIMAS FABIANO,PP,Deputado,MG,Inquérito nº 4423/2017 - STF
DOMINGOS SÁVIO,PSDB,Deputado,MG,Ação civil pública nº 0587783-73.2014.8.13.0024 - TJ
EDUARDO BARBOSA,PSDB,Deputado,MG,Inquérito nº 3650/2013 - STF
LEONARDO MONTEIRO,PT,Deputado,MG,Ação civil pública nº 1705777-71.2005.8.13.0105 - TJ
LEONARDO QUINTÃO,PMDB,Deputado,MG,Ação civil nº 5034047-88.2009.8.13.0024 - TJ
LINCOLN PORTELA,PR,Deputado,MG,Ação civil pública nº 25527-20.2009.4.01.3800 - TRF
LUIS TIBE,PT do B,Deputado,MG,Ação civil pública nº 1811105-29.2011.8.13.0024 - TJ
LUIS TIBE,PT do B,Deputado,MG,Ação civil pública nº 0400399-06.2010.8.13.0024 - TJ
LUIS TIBE,PT do B,Deputado,MG,Inquérito nº 4153/2015 - STF
LUIS TIBE,PT do B,Deputado,MG,Inquérito nº 3744/2013 - STF
LUIS TIBE,PT do B,Deputado,MG,Inquérito nº 3500/2012 - STF
MARCOS MONTES,PSD,Deputado,MG,Ação civil pública nº 2267280-86.2008.8.13.0701 - TJ
MARCOS MONTES,PSD,Deputado,MG,Ação civil pública nº 0136490-92.2001.8.13.0701 - TJ
MARGARIDA SALOMÃO,PT,Deputado,MG,Ação civil pública nº 0007668-17.2011.4.01.3801 - TRF
NEWTON CARDOSO JR,PMDB,Deputado,MG,Ação penal nº 983/2016 - STF
NEWTON CARDOSO JR,PMDB,Deputado,MG,Ação penal nº 987/2016 - STF - Nº 987/2016
NEWTON CARDOSO JR,PMDB,Deputado,MG,Inquérito nº 3480/2012 - STF
ODELMO LEÃO,PP,Deputado,MG,Ação civil pública nº 0890738-09.2011.8.13.0024 - TJ
PADRE JOÃO,PT,Deputado,MG,Ação civil pública nº 0002866-37.2015.4.01.3800 - TRF
RAQUEL MUNIZ,PSC,Deputado,MG,Inquérito nº 4212/2016 - STF
RAQUEL MUNIZ,PSC,Deputado,MG,Ação civil de improbidade administrativa nº 0009290-74.2015.4.01.3807 - TRF
RAQUEL MUNIZ,PSC,Deputado,MG,Ação civil de improbidade administrativa nº 0007306-26.2013.4.01.3807 - TRF
RAQUEL MUNIZ,PSC,Deputado,MG,Ação civil de improbidade administrativa nº 0001259-31.2016.4.01.3807 - TRF
RAQUEL MUNIZ,PSC,Deputado,MG,Ação civil pública nº 0131195-87.2010.8.13.0433 - TJ
TONINHO PINHEIRO,PP,Deputado,MG,Inquérito nº 4209/2016 - STF
TONINHO PINHEIRO,PP,Deputado,MG,Inquérito nº 4272/2016 - STF
BETO FARO,PT,Deputado,PA,Inquérito nº 3889/2014 - STF
DELEGADO EDER MAURO,PSD,Deputado,PA,Ação penal nº 967/2015 - STF
DELEGADO EDER MAURO,PSD,Deputado,PA,Ação penal nº 967/2016 - STF
DELEGADO EDER MAURO,PSD,Deputado,PA,Inquérito nº 4191/2015 - STF
EDMILSON RODRIGUES,PSOL,Deputado,PA,Ação civil de improbidade administrativa nº 0011179-85.2009.4.01.3900 - TRF
EDMILSON RODRIGUES,PSOL,Deputado,PA,Ação civil de improbidade administrativa nº 0017910-63.2010.4.01.3900 - TRF
EDMILSON RODRIGUES,PSOL,Deputado,PA,Ação civil de improbidade administrativa nº 0022881-57.2011.4.01.3900 - TRF
EDMILSON RODRIGUES,PSOL,Deputado,PA,Ação civil de improbidade administrativa nº 0025936-50.2010.4.01.3900 - TRF
EDMILSON RODRIGUES,PSOL,Deputado,PA,Ação civil de improbidade administrativa nº 0261300-26.2016.8.14.0301 - TJ
HÉLIO LEITE,DEM,Deputado,PA,Ação civil de improbidade administrativa nº 0004887-33.2013.4.01.3904 - TRF1
JOSUÉ BENGTSON,PTB,Deputado,PA,Ação civil nº 3733-02.2007.4.01.3900 - TRF
SIMONE MORGADO,PMDB,Deputado,PA,Ação civil pública nº 0032374-92.2011.8.14.0301 - TJ
AGUINALDO RIBEIRO,PP,Deputado,PB,Inquérito nº 3989/2015 - STF
AGUINALDO RIBEIRO,PP,Deputado,PB,Inquérito nº 3146/2011 - STF
BENJAMIN MARANHÃO,SD,Deputado,PB,Ação penal nº 676/2012 - STF
BENJAMIN MARANHÃO,SD,Deputado,PB,Recurso ordinário nº 1089/2006 - TSE
RÔMULO GOUVEIA,PSD,Deputado,PB,Ação penal nº 952/2015 - STF
RÔMULO GOUVEIA,PSD,Deputado,PB,Ação civil pública nº 0013283-59.2013.815.2001 - TJ
RÔMULO GOUVEIA,PSD,Deputado,PB,Recurso especial eleitoral nº 76494/2011 - TSE
WELLINGTON ROBERTO,PR,Deputado,PB,Ação civil pública nº 0014613-88.2013.4.01.3400 - TRF
ADALBERTO CAVALCANTI,PTB,Deputado,PE,Ação civil pública nº 0000323-39.2010.8.17.0120 - TJ
ADALBERTO CAVALCANTI,PTB,Deputado,PE,Ação penal nº 976/2016 - STF
BRUNO ARAÚJO,PSDB,Deputado,PE,Inquérito nº 4.391 - STF
DANIEL COELHO,PSDB,Deputado,PE,Ação civil pública nº 0003357-49.2014.8.17.0001 - TJ
EDUARDO DA FONTE,PP,Deputado,PE,Inquérito nº 3989/2015 - STF
EDUARDO DA FONTE,PP,Deputado,PE,Inquérito nº 3998/2015 - STF
EDUARDO DA FONTE,PP,Deputado,PE,Inquérito nº 4118/2015 - STF
JOAO FERNANDO COUTINHO,PSB,Deputado,PE,Ação civil pública nº 0003473-41.2016.8.17.2990 - TJ
KAIO MANIÇOBA,PHS,Deputado,PE,Inquérito nº 4105/2015 - STF
LUCIANA SANTOS,PC do B,Deputado,PE,Inquérito nº 3613/2013 - STF
LUCIANA SANTOS,PC do B,Deputado,PE,Ação civil pública nº 0000685-21.2008.8.17.0990 - TJ
MARINALDO ROSENDO,PSB,Deputado,PE,Inquérito nº 4262/2016 - STF
MARINALDO ROSENDO,PSB,Deputado,PE,Inquérito nº 4288/2016 - STF
MARINALDO ROSENDO,PSB,Deputado,PE,Inquérito nº 4289/2016 - STF
RICARDO TEOBALDO,PTB,Deputado,PE,Inquérito nº 4251/2016 - STF
RICARDO TEOBALDO,PTB,Deputado,PE,Ação civil pública nº 0000818-35.2015.8.17.0920 - TJ
ZECA CAVALCANTI,PTB,Deputado,PE,Inquérito nº 4257/2016 - STF
ZECA CAVALCANTI,PTB,Deputado,PE,Inquérito nº 4236/2016 - STF
ZECA CAVALCANTI,PTB,Deputado,PE,Inquérito nº 4044/2015 - STF
ZECA CAVALCANTI,PTB,Deputado,PE,Inquérito nº 4083/2015 - STF
ZECA CAVALCANTI,PTB,Deputado,PE,Inquérito nº 4094/2015 - STF
ZECA CAVALCANTI,PTB,Deputado,PE,Inquérito nº 4095/2015 - STF
ZECA CAVALCANTI,PTB,Deputado,PE,Inquérito nº 4082/2015 - STF
ZECA CAVALCANTI,PTB,Deputado,PE,Inquérito nº 4240/2016 - STF
ZECA CAVALCANTI,PTB,Deputado,PE,Ação civil pública nº 0004969-10.2015.8.17.0220 - TJ
ASSIS CARVALHO,PT,Deputado,PI,Ação civil de improbidade administrativa nº 3125-58.2008.4.01.4000 - TRF
ASSIS CARVALHO,PT,Deputado,PI,Inquérito nº 4238/2016 - STF
ASSIS CARVALHO,PT,Deputado,PI,Inquérito nº 3103/2011 - STF
ASSIS CARVALHO,PT,Deputado,PI,Inquérito nº 3175/2011 - STF
ATILA LIRA,PSB,Deputado,PI,Ação civil de improbidade administrativa nº 0019533-56.2010.4.01.4000 - TRF
ATILA LIRA,PSB,Deputado,PI,Ação civil de improbidade administrativa nº 0009618-70.2016.4.01.4000 - TRF
IRACEMA PORTELLA,PP,Deputado,PI,Inquérito nº 3910/2014 - STF
IRACEMA PORTELLA,PP,Deputado,PI,Ação civil pública nº 0005703-81.2014.4.01.4000 - TRF
JÚLIO CÉSAR,PSD,Deputado,PI,Processos nº 0277494-58-2006.3.00.0000 - STJ
JÚLIO CÉSAR,PSD,Deputado,PI,Ação civil pública nº 0038287-47.2003.4.01.3400 - TRF
ALEX CANZIANI,PTB,Deputado,PR,Ação civil pública nº 0015575-20.2002.8.16.0014 - TJ
ALFREDO KAEFER,PSDB,Deputado,PR,Ação penal nº 892/2014 - STF
ALFREDO KAEFER,PSDB,Deputado,PR,Inquérito nº 4304/2016 - STF
ALFREDO KAEFER,PSDB,Deputado,PR,Inquérito nº 4298/2016 - STF
DILCEU SPERAFICO,PP,Deputado,PR,Inquérito nº 3989/2015 - STF
EDMAR ARRUDA,PSC,Deputado,PR,Ação civil pública nº 0000039-81.2006.8.16.0190 - TJ
ENIO VERRI,PT,Deputado,PR,Ação civil pública nº 0001828-91.2002.8.16.0017- - TJ
JOAO ARRUDA,PMDB,Deputado,PR,Processos nº 2399573/2009 - TJ
LUCIANO DUCCI,PSB,Deputado,PR,Processos nº 0002888-83.2011.8.16.0179 - TJ
LUIZ NISHIMORI,PR,Deputado,PR,Inquérito nº 3508/2012 - STF
NELSON MEURER,PP,Deputado,PR,Inquérito nº 3997/2015 - STF
NELSON MEURER,PP,Deputado,PR,Inquérito nº 3989/2015 - STF
RUBENS BUENO,PPS,Deputado,PR,Ação civil de improbidade administrativa nº 0003551-90.2015.8.16.0179- - TJ
SERGIO SOUZA,PMDB,Deputado,PR,Ação civil pública nº 0021562-97.2013.8.16.0031 - TJ
TONINHO WANDSCHEER,PT,Deputado,PR,Ação civil pública nº 0031183-74.2009.404.7000 - TRF
ZECA DIRCEU,PT,Deputado,PR,Processos nº 2005.34.00.032406-4 - TRF
ZECA DIRCEU,PT,Deputado,PR,Inquérito nº 4445/2017 - STF
ALEXANDRE SERFIOTIS,PSD,Deputado,RJ,Ação civil de improbidade administrativa nº 0002668-95.2015.8.19.0071 - TJ
ALEXANDRE VALLE,PRP,Deputado,RJ,Ação civil pública nº 0008594-04.2015.8.19.0024 - TJ
ALTINEU CORTES,PR,Deputado,RJ,Ação civil de improbidade administrativa nº 0259225-13.2010.8.19.0001 - TJ
BENEDITA DA SILVA,PT,Deputado,RJ,Ação civil de improbidade administrativa nº 0077777-34.2015.8.19.0001 - TJ
CABO DACIOLO,PSOL,Deputado,RJ,Ação penal nº 927/2015 - STF
CABO DACIOLO,PSOL,Deputado,RJ,Ação penal nº 0370596-64.2013.8.05.0001 - TJ
CELSO PANSERA,PMDB,Deputado,RJ,Ação civil pública nº 0020570-51.2015.8.19.0042 - TJ
EZEQUIEL TEIXEIRA,SD,Deputado,RJ,Ação civil de improbidade administrativa nº 0058763-30.2016.8.19.0001 - TJ
FERNANDO JORDÃO,PMDB,Deputado,RJ,Ação penal nº 862/2013 - STF
HUGO LEAL,PROS,Deputado,RJ,Ação civil de improbidade administrativa nº 0151342-94.2016.8.19.0001 - TJ
HUGO LEAL,PROS,Deputado,RJ,Ação civil pública nº 0047886-36.2013.8.19.0001 - TJ
HUGO LEAL,PROS,Deputado,RJ,Ação civil pública nº 0031251-14.2012.8.19.0001 - TJ
JÚLIO LOPES,PP,Deputado,RJ,Inquérito nº 3414/2012 - STF
JÚLIO LOPES,PP,Deputado,RJ,Inquérito nº 4.451/2017 - STF
LUIZ SÉRGIO,PT,Deputado,RJ,Ação civil pública nº 0126615-84.2015.4.02.5119 - TRF
MARCELO MATOS,PDT,Deputado,RJ,Inquérito nº 3082/2011 - STF
PAULO FEIJÓ,PR,Deputado,RJ,Processos nº 0000809-91.2009.4.02.5105 - TRF
PAULO FEIJÓ,PR,Deputado,RJ,Ação penal nº 694/2012 - STF
PEDRO PAULO,PMDB,Deputado,RJ,Inquérito nº 4435/2017 - STF
RODRIGO MAIA,DEM,Deputado,RJ,Prestação de contas nº 91997.2011.600.0000 - TSE
SIMÃO SESSIM,PP,Deputado,RJ,Inquérito nº 3989/2015 - STF
WASHINGTON REIS,PMDB,Deputado,RJ,Ação penal nº 618/2011 - STF
WASHINGTON REIS,PMDB,Deputado,RJ,Inquérito nº 4205/2016 - STF
WASHINGTON REIS,PMDB,Deputado,RJ,Inquérito nº 3762/2013 - STF
FABIO FARIA,PSD,Deputado,RN,Inquérito nº 4452/2017 - STF
FELIPE MAIA,DEM,Deputado,RN,Inquérito nº 4399/2017 - STF
ROGERIO MARINHO,PSDB,Deputado,RN,Inquérito nº 3386/2011
ROGERIO MARINHO,PSDB,Deputado,RN,Inquérito nº 3026/2010
LINDOMAR GARÇON,PMDB,Deputado,RO,Ação civil pública nº 0000891-60.2009.4.01.4100 - TRF
LUCIO MOSQUINI,PMDB,Deputado,RO,Inquérito nº 4006/2015 - STF
LUIZ CLAUDIO,PR,Deputado,RO,Inquérito nº 4057/2015 - STF
LUIZ CLAUDIO,PR,Deputado,RO,Ação cautelar nº 3827/2015
MARINHA RAUPP,PMDB,Deputado,RO,Ação civil pública nº 0100597-25.1999.8.22.0001 - TJ
NILTON CAPIXABA,PTB,Deputado,RO,Ação penal nº 644/2011 - STF
NILTON CAPIXABA,PTB,Deputado,RO,Ação penal nº 958/2015 - STF
EDIO LOPES,PMDB,Deputado,RR,Açãoo penal nº 940/2015 - STF
SHÉRIDAN,PSDB,Deputado,RR,Inquérito nº 3975/2015 - STF
AFONSO HAMM,PP,Deputado,RS,Inquérito nº 3989/2015 - STF
ALCEU MOREIRA,PMDB,Deputado,RS,Ação civil pública nº 0091151-06.2003.8.21.0059 - TJ
ALCEU MOREIRA,PMDB,Deputado,RS,Inquérito nº 3076/2011 - STF
ALCEU MOREIRA,PMDB,Deputado,RS,Ação civil pública nº 0012131-24.2007.8.21.0059 - TJ
JERÕNIMO GOERGEN,PP,Deputado,RS,Inquérito nº 3989/2015 - STF
JERÕNIMO GOERGEN,PP,Deputado,RS,Ação civil pública nº 0274160-33.2012.8.21.0001 - TJ
JOSÉ OT́VIO GERMANO,PP,Deputado,RS,Inquérito nº 3989/2015 - STF
JOSÉ OT́VIO GERMANO,PP,Deputado,RS,Inquérito nº 3980/2015 - STF
JOSÉ OT́VIO GERMANO,PP,Deputado,RS,Inquérito nº 3991/2015 - STF
JOSÉ OT́VIO GERMANO,PP,Deputado,RS,Ação civil pública nº 0012796-33.2012.8.21.0037 - TJ
JOSE STEDILE,PSB,Deputado,RS,Ação penal nº 599/2011 - STF
JOSE STEDILE,PSB,Deputado,RS,Inquérito nº 3825/2014 - STF
JOSE STEDILE,PSB,Deputado,RS,Inquérito nº 3825/2014 - STF
JOSE STEDILE,PSB,Deputado,RS,Processos nº 0018201-73.2007.8.21.0086 - TJ
MARCO MAIA,PT,Deputado,RS,Inquérito nº 4385/2017 - STF
MARIA DO ROŚRIO,PT,Deputado,RS,Inquérito nº 4398/2017 - STF
ONYX LORENZONI,DEM,Deputado,RS,Inquérito nº 4400/2017 - STF
PAULO PIMENTA,PT,Deputado,RS,Ação civil pública nº 0061061-43.2005.8.21.0027 - TJ
PAULO PIMENTA,PT,Deputado,RS,Inquérito nº 3499/2012 - STF
RENATO MOLLING,PP,Deputado,RS,Inquérito nº 3989/2015 - STF
RENATO MOLLING,PP,Deputado,RS,Ação civil pública nº 0004641-62.2003.8.21.0132 - TJ
SÉRGIO MORAES,PTB,Deputado,RS,Ação civil pública nº 0035631-87.2008.8.21.0026 - TJ
SÉRGIO MORAES,PTB,Deputado,RS,Ação civil pública nº 0016291-36.2003.8.21.0026 - TJ
CARMEN ZANOTTO,PPS,Deputado,SC,Ação civil pública nº 0042920-51.2008.8.24.0038 - TJ
CARMEN ZANOTTO,PPS,Deputado,SC,Ação civil pública nº 5008048-80.2016.4.04.7200 - TRF4
CELSO MALDANER,PMDB,Deputado,SC,Ação civil pública nº 0002242-50.2006.8.24.0042 - TJ
DÉCIO LIMA,PT,Deputado,SC,Inquérito nº 2851/2009 - STF
DÉCIO LIMA,PT,Deputado,SC,Ação civil pública nº 0024738-83.2003.8.24.0008 - TJ
DÉCIO LIMA,PT,Deputado,SC,Inquérito nº 4.457/2017 - STF
ESPERIDIÃO AMIN,PP,Deputado,SC,Ação civil pública nº 0057644-37.2010.8.24.0023 - TJ
JOÃO RODRIGUES,PSD,Deputado,SC,Ação penal nº 2004.04.01.005062-5 - TRF
JOÃO RODRIGUES,PSD,Deputado,SC,Ação civil pública nº 5002282-74.2015.4.04.7202 - TRF
JOÃO RODRIGUES,PSD,Deputado,SC,Ação civil pública nº 0001417-08.2011.8.24.0018 - TJ
MARCO TEBALDI,PSDB,Deputado,SC,Ação penal nº 556/2011 - STF
MARCO TEBALDI,PSDB,Deputado,SC,Inquérito nº 3753/2013 - STF
MARCO TEBALDI,PSDB,Deputado,SC,Processos nº 500427325.2014.404.7201 - TRF
MARCO TEBALDI,PSDB,Deputado,SC,Ação civil pública nº 5010481-88.2015.4.04.7201 - TRF
MAURO MARIANI,PMDB,Deputado,SC,Ação civil pública nº 0147431-82.2007.8.24.0023 - TJ
PEDRO UCZAI,PT,Deputado,SC,Ação civil pública nº 0008304-52.2004.8.24.0018 - TJ
RONALDO BENEDET,PMDB,Deputado,SC,Ação civil pública nº 5003654-35.2013.4.04.7200 - TRF
RONALDO BENEDET,PMDB,Deputado,SC,Inquérito nº 4214/2016 - STF
ALEX MANENTE,PPS,Deputado,SP,Inquérito nº 4007/2015 - STF
ALEX MANENTE,PPS,Deputado,SP,Ação civil pública nº 0015073-72.2000.8.26.0564 - TJ
ANDRES SANCHEZ,PT,Deputado,SP,Inquérito nº 4276/2016 - STF
ANDRES SANCHEZ,PT,Deputado,SP,Inquérito nº 4032/2015 - STF
ANDRES SANCHEZ,PT,Deputado,SP,Inquérito nº 4069/2015 - STF
ANDRES SANCHEZ,PT,Deputado,SP,Inquérito nº 4069/2015 - STF
ANDRES SANCHEZ,PT,Deputado,SP,Inquérito nº 4070/2015 - STF
ANTONIO BULH̥ES,PRB,Deputado,SP,Ação civil pública nº 0023971-03.2015.4.03.6100 - TRF
ARLINDO CHINAGLIA,PT,Deputado,SP,Inquérito nº 4.461/2017 - STF
ARNALDO FARIA DE Ś,PTB,Deputado,SP,ApelAção nº 9132516-36.1997.8.26.0000 - TJ
BALEIA ROSSI,PMDB,Deputado,SP,Ação popular nº 0066473-32.2005.8.26.0506 - TJ
BETO MANSUR,PRB,Deputado,SP,Processos nº 2004.61.04.003219-5 - TRF
BETO MANSUR,PRB,Deputado,SP,Ação popular nº 0024917-13.2004.8.26.0562 - TJ
BETO MANSUR,PRB,Deputado,SP,Ação civil pública nº 0023970-18.2015.4.03.6100 - TRF
BRUNA FURLAN,PSDB,Deputado,SP,Ação civil pública nº 0012112-74.2012.8.26.0068 - TJ
CARLOS SAMPAIO,PSDB,Deputado,SP,Agravo de instrumento nº 372712.2010.600.0000 - TSE
CELSO RUSSOMANNO,PRB,Deputado,SP,Inquérito nº 4422/2017 - STF
EDINHO ARAUJO,PMDB,Deputado,SP,ApelAção nº 0063900-34.2007.8.26.0576 - TJ
EDUARDO CURY,PSDB,Deputado,SP,Ação civil de improbidade administrativa nº 0036635-15.2011.8.26.0577- - TJ
FAUSTO PINATO,PRB,Deputado,SP,Ação penal nº 908/2015 - STF
GILBERTO NASCIMENTO,PSC,Deputado,SP,ApelAção nº 0004743-88.2011.8.26.0286 - TJ
HERCULANO PASSOS,PSD,Deputado,SP,ApelAção nº 0004743-88.2011.8.26.0286 - TJ
HERCULANO PASSOS,PSD,Deputado,SP,Ação civil pública nº 0010357-74.2011.8.26.0286 - TJ
JEFFERSON CAMPOS,PSD,Deputado,SP,Ação civil de improbidade administrativa nº 0004928-22.2011.4.03.6100 - TRF
JOSÉ MENTOR,PT,Deputado,SP,Inquérito nº 3995/2015 - STF
LUIZA ERUNDINA,PSB,Deputado,SP,Ação popular nº 0707367-61.1989.8.26.0053 - TJ
MARCIO ALVINO,PR,Deputado,SP,Ação civil pública nº 0000591-04.2011.8.26.0219 - TJ
MARCIO ALVINO,PR,Deputado,SP,Inquérito nº 3952/2015 - STF
MIGUEL HADDAD,PSDB,Deputado,SP,Ação popular nº 0025455-11.2003.8.26.0309 - TJ
MILTON MONTI,PR,Deputado,SP,Inquérito nº 4443/2017 - STF
MISSIOŃRIO JOSÉ OL̍MPIO,PP,Deputado,SP,Inquérito nº 3989/2015 - STF
MISSIOŃRIO JOSÉ OL̍MPIO,PP,Deputado,SP,Ação civil pública nº 0424086-16.1997.8.26.0053 - TJ
NELSON MARQUEZELLI,PTB,Deputado,SP,Inquérito nº 4144/2015 - STF
NELSON MARQUEZELLI,PTB,Deputado,SP,Ação civil pública nº 0007484-05.2013.8.26.0457 - TJ
NELSON MARQUEZELLI,PTB,Deputado,SP,Ação civil pública nº 1000767-42.2015.8.26.0601 - TJ
PAULINHO DA FORÇA,SD,Deputado,SP,Ação civil pública nº 0004629-82.2002.4.03.6125 - TRF
PAULO MALUF,PP,Deputado,SP,Ação civil pública nº 0017879-61.2000.8.26.0053 - TJ
PAULO MALUF,PP,Deputado,SP,ApelAção nº 9126093-26.1998.8.26.0000 - TJ
PAULO MALUF,PP,Deputado,SP,Processos nº 0009831-16.2000.8.26.0053 - TJ
PAULO MALUF,PP,Deputado,SP,Ação civil pública nº 0012667-37.1997.4.03.6100 - TRF
ROBERTO ALVES,PRB,Deputado,SP,Inquérito nº 4127/2015 - STF
RODRIGO GARCIA,DEM,Deputado,SP,Inquérito nº 4.420/2017 - STF
VICENTE CÂNDIDO,PT,Deputado,SP,Agravo de instrumento nº 4448/2003 - TSE
VICENTE CÂNDIDO,PT,Deputado,SP,Inquérito nº 4138/2015 - STF
VICENTE CÂNDIDO,PT,Deputado,SP,Inquérito nº 4.448/2017 - STF
VITOR LIPPI,PSDB,Deputado,SP,Ação civil de improbidade administrativa nº 0058174-59.2011.8.26.0602 - TJ
VITOR LIPPI,PSDB,Deputado,SP,Processos nº 1000446-04.2015.8.26.0602 - TJ
ANDRÉ MOURA,PSC,Deputado,SE,Ação penal nº 974/2016 - STF
ANDRÉ MOURA,PSC,Deputado,SE,Ação penal nº 973/2016 - STF
ANDRÉ MOURA,PSC,Deputado,SE,Ação penal nº 969/2015 - STF
ANDRÉ MOURA,PSC,Deputado,SE,Inquérito nº 3905/2014 - STF
ANDRÉ MOURA,PSC,Deputado,SE,Inquérito nº 3594/2013 - STF
ANDRÉ MOURA,PSC,Deputado,SE,Ação civil pública nº 0000572-22.2007.8.25.0039 - TJ
CESAR HALUM,PRB,Deputado,TO,Inquérito nº 3611/2013 - STF
CESAR HALUM,PRB,Deputado,TO,Ação civil pública nº 500056770.2006.827.2729 - TJ
IRAJ́ ABREU,PSD,Deputado,TO,Processos nº 0002224-24.2012.4.01.4300 - TRF
JOSI NUNES,PMDB,Deputado,TO,Ação civil pública nº 5000567-70.2006.827.2729 - TJ
LÁZARO BOTELHO,PP,Deputado,TO,Inquérito nº 3989/2015 - STF
